Nombre,Este,Norte,Elevacion,Codigo,HRMS,VRMS,Solucion
BM1,476805.412,8665418.237,3253.981,BM,0.008,0.012,FIJA
G1,476809.733,8665425.102,3254.105,TN,0.009,0.014,FIJA
G2,476815.940,8665429.870,3254.066,TN,0.010,0.015,FIJA
G3,476822.318,8665434.411,3254.012,BORDE,0.009,0.013,FIJA
G4,476828.661,8665438.952,3253.948,EJE,0.011,0.016,FIJA
G5,476835.002,8665443.495,3253.877,BORDE,0.010,0.015,FIJA
G6,476841.355,8665448.031,3253.802,TN,0.012,0.018,FIJA
G7,476847.701,8665452.573,3253.731,TN,0.214,0.380,FLOTANTE
G8,476854.040,N/A,3253.660,TN,,,AUTONOMA
G9,476860.384,8665461.649,3253.588,TN,0.011,0.017,FIJA
